name,avg_rc,rating
DL Image Manager,2,5
EB Cash Collections,1,5
BK Arogyam Task Track,8,5
Mindvalley U Tallinn 2018,1,5
AJ Rafael Music Lessons,1,5
Hojiboy Tojiboyev Life Hacks,15,5
R√≠os de Fe,141,5
Bar-B-Q Rib House,2,5
"Trinity Church Deltona, FL",33,5
Pyaar Ek Dhoka,18,5
i am EB,1,5
Labs on Demand,1,5
CA Speakers,12,5
Anatomy & Physiology Vocabulary Exam Review App,1,5
Arrowhead AH App,3,5
CB Fit,1,5
EF Academy,4,5
DW Timer,9,5
Asha Ek Hope - ALS/ MND,2,5
WPBS-DT,3,5
AJ Blue Icon Pack,4,5
"Beacon Baptist Jupiter, FL",14,5
Santa's Monster Shootout DX,4,5
Awake Dating,2,5
Dine In CT - Food Delivery,4,5
Wowkwis aq Ka'qaquj,1,5
Dermatology Atlas (Colored & Illustrative),3,5
Spring flowers theme couleurs d t space,1,5
MI-BP,1,5
CG Jobs,8,5
CN Resident,1,5
Hey AJ! It's Bedtime!,1,5
CE Smart,3,5
Accounting Quiz (AQ) Malaysia,25,5
FK CLASSIC FOR YOU,1,5
AP¬Æ Guide,3,5
FHR 5-Tier 2.0,2,5
Selfie With Champion AJ Style,2,5
420 BZ Budeze Delivery,2,5
Trovami se ci riesci,11,5
Tic Tac CK,3,5
Chronolink DX,7,5
BC MVA Fines,5,5
Bk Usha behn,10,5
RETRO Shocked DW-6000,13,5
EF App,8,5
BI APP,2,5
BV,3,5
CJ Gospel Hour,7,5
"Superheroes, Marvel, DC, Comics, TV, Movies News",34,5
"Startupticker.ch News, Events",4,5
CZ-Help,2,5
Florida Wildflowers,5,5
Basics of Orthopaedics,1,5
DN Employee,1,5
CS & IT Interview Questions,43,5
Hey AJ! It's Saturday!,12,5
BP Journal - Blood Pressure Diary,6,5
CB News,7,5
EC SPORTS,1,5
CP Trivia,5,5
Safe Santa Fe,2,5
CF Life,4,5
Cb browser,5,5
Propel BI APP,3,5
Cy-Fair Christian Church,2,5
"Kolkata News:Anandbazar Patrika,ei samay&AllRating",10,5
ES Billing System (Offline App),1,5
Jobs in Canada - Emplois au Canada,2,5
CB Heroes,5,5
BL Flowers Digital,21,5
EC Mover,5,5
Lyrics of Ek Paheli Leela,4,5
Cy-Fair VFD EMS Protocols,2,5
TI-84 CE Graphing Calculator Manual TI 84,1,5
BS-Mobile,1,5
Ra Ga Ba,2,5
DG OFF - 100% Free Coupons & Deals,1,5
FK Dedinje BGD,36,5
PrimeDelivery,3,5
BP Log lite,3,5
"FD Calculator (EMI, SIP, RD & Loan Eligilibility)",104,5
BV Mobile Apps,3,5
Mad Dash Fo' Cash,14,5
ES Solar,3,5
CP Installer App,4,5
CR Tracker for Chests,6,5
Cloud DX Connected Health,6,5
Ek Vote,43,5
UP EB Bill Payment & Details,3,5
Master E.K,90,5
iCard BD Plus,2,5
Helping BD,15,5
Eh Bee Wallpapers HD,4,5
AJ RETAILS,9,5
CG Prints,1,5
211:CK,8,5
Barbers.BH,2,5
CJ the REALTOR,1,5
DG TV,3,5
ei Calc,2,5
CricQuick,17,5
AI Today : Artificial Intelligence News & AI 101,43,5
DN Blog,20,5
DF Glue Board,1,5
Eternal Light AG,30,5
Eternal life,26,5
CG - Chemistry free,7,5
Chenoweth AH,1,5
DH-UFO,1,5
CT Checkout,1,5
Zen Leaf,1,5
DB HOME,5,5
Oraci√≥n CX,103,5
Jigsaw Volvo FH 16 Trucks,5,5
Bacterial vaginosis Treatment - Sexual disease,2,5
BV Sridhara Maharaj,8,5
Jabbla BT,3,5
Victoria EC,5,5
Barisal University App-BU Face,100,5
CARDIAC CT TECHNIQUE,6,5
Tafsiir Quraan MP3 Af Soomaali Quraanka Kariimka,7,5
BK Gold App,4,5
Disciple Maker‚Äôs (DM) Lab,3,5
Tozer Devotional -Series 1,5,5
EC Fairgrounds,3,5
ER Assist,3,5
ReactNative BG Geolocation,5,5
Prosperity,16,5
CB Register,1,5
MCQ CE IT,22,5
Cr Aviation Academy,7,5
AJ Gray Dark Icon Pack,2,5
30WPM Amateur ham radio Koch CW Morse code trainer,1,5
Story Time FD,2,5
EC Calgary,6,5
DN Calculators,12,5
Free coupons and vouchers,4,5
SUMMER SONIC app,4,5
FN,14,5
Santa Fe Thrive,2,5
BxPort - Bitcoin Bx (Thailand),4,5
COMSATS BOOK STORE FOR BS(CS),15,5
Hum Ek Hain 2.02,2,5
DG-App,1,5
Shabad Gurubani Punjabi mp3 free - Ek Onkar Satnam,5,5
Wifi BT Scanner,2,5
You're an Anime,2,5
CL Keyboard - Myanmar Keyboard (No Ads),24,5
Monster Ride Pro,1,5
BM speed test,1,5
The Divine Feminine App: the DF App,8,5
FH School,4,5
meStudying: AP English Lit,1,5
Florida Beach Wallpapers HD,3,5
CZ Kompas,2,5
CL Strength,3,5
CF Townsville,4,5
Quran Khmer Offline AY,41,5
iReadMe,8,5
BK Video Status,13,5
EJ messenger,1,5
Unity CF,5,5
Kimbrough AH,5,5
American Girls Mobile Numbers,5,5
DYPSOET,8,5
Bh Public School,2,5
Spine- The dating app,5,5
Super Hearing Secret Voices Recorder PRO,3,5
cx advance call blocker,3,5
CT Cervical Spine,5,5
Android P Style Icon Pack,1,5
Sir C J New Primary School,3,5
NEMA ei,4,5
Clinic Doctor EHr,2,5
Fr. Mike Schmitz Audio Teachings,4,5
DT CLOTHINGS,1,5
Nur t…ôfsiri 1-ci cild,15,5
CB VIDEO VISION,13,5
Color CL,2,5
EK Bailey Preaching Conference,3,5
Ek Bander Ne Kholi Dukan,10,5
Overcomers CF - GA,7,5
BU Study,7,5
Easy Hotspot Ad Free,2,5
DC-014,3,5
AJ Cam,44,5
EG India,3,5
CK Employee Portal,7,5
BM Physiotherapy Clinic,3,5
CJ's Coffee Cafe,6,5
CF,2,5
Axe Champs! Wars,8,5
NCLEX Multi-topic Nursing Exam Review-Quiz & notes,1,5
CI 174 Gray Icon Pack,1,5
FoothillsVet,2,5
A-Y Collection,2,5
BJ Foods,3,5
Galaxies of Hope,2,5
Movement BE,20,5
EP Radio,3,5
The CJ Rubric,5,5
C B Patel Health Club,5,5
Brick Breaker BR,7,5
Ag Valley Cooperative,6,5
EB Scanner,9,5
CL Notifier,36,5
EF Events,7,5
DV ASSIST,1,5
DV Youth,5,5
ADS-B Driver,2,5
DB Pickles,5,5
AC DC Power Monitor,1,5
FAST EO,1,5
GKPB FP Online Church,32,5
BK Formula Calculator,6,5
Girls Live Talk - Free Text and Video Chat,6,5
CG FM,2,5
BI News,22,5
Read it easy for BK,1,5
KBA-EZ Health Guide,4,5
CL REPL,47,5
D-H Pharmacy,6,5
Catholic La Bu Zo Kam,23,5
CQ ESPM,2,5
Dr. ES PV Calculator,19,5
AQ Ria Retail,4,5
Speeding Joyride & Car Meet App,3,5
DM Buddy ¬ª Learn Digital Marketing,3,5
Railroad Radio Vancouver BC,4,5
HON. B.J. ACS COLLEGE ALE,3,5
CD CHOICE TUBE,10,5
P-Home for KLWP,4,5
BG Guide,3,5
NOMISMA.com.cy by FMW,3,5
CT Brain Interpretation,3,5
DW Security,6,5
USMLE Step 2 CK Flashcards,1,5
FA Player Essentials,7,5
Food-Aw - Order Food Online in Aruba,1,5
Morse Player,12,5
Foothills CP,4,5
FO Bixby,5,5
EF Forms,2,5
CJ'S TIRE AND AUTO INC.,5,5
Dr Bk Sachin bhai,19,5
Dt. Jyothi Srinivas,18,5
Lakeside AG Moultrie,3,5
Mu.F.O.,2,5
Fr. Daoud Lamei,22,5
PK and DK Audio App,2,5
Online Girls Chat Group,5,5
AP Art History Flashcards,1,5
Exam Result BD,2,5
Tablet Reminder,4,5
EU Exit poll,10,5
EP Church Annapolis,2,5
Noticias FC Barcelona,4,5
DC N COMPANY ENTERTAINMENT RADIO!,22,5
Flippy Axe : Flip The Knife & Axe Simulator,7,5
South Florida AA Meetings,10,5
Wallpapers FN SCAR H,4,5
R Programing Offline Tutorial,4,5
daskal.eu,5,5
Yazdani Cd Center EllahAbad Official App,8,5
AJ Men's Grooming,2,5
Ek Qissa He Quran Se (Qurani Waqiyat),4,5
BM SPM Practice,6,5
Comunidad De Fe Minitries,19,5
chat dz,8,5
Sway Medical,3,5
Official Madhuban Murli,301,4.9
"Borneo Bible, BM Bible",659,4.9
FK Crvena zvezda,1211,4.9
Duaa Ek Ibaadat,122,4.9
StrongLifts 5x5 Workout Gym Log & Personal Trainer,66791,4.9
VetCode,28,4.9
EY Forensics,7,4.9
AO/OTA Fracture Classification,25,4.9
Period Tracker,100082,4.9
Eddsworld Amino,3071,4.9
Business Intelligence & Data,7,4.9
Ek Onkar Mantras,82,4.9
Doctor Finder CY,57,4.9
EV Calculator,85,4.9
EP Horlogerie,18,4.9
FREE LIVE TALK,776,4.9
H*nest Meditation,145,4.9
eBoox new: Reader for fb2 epub zip books,2739,4.9
DW Audio,38,4.9
The Room: Old Sins,21119,4.9
Alex Fuel Calculator for EK,19,4.9
Word Hunt,59,4.9
BTS j-hope LINE Launcher theme,934,4.9
Sanu Ek Pal Chain Song Videos - RAID Movie Songs,11,4.9
FAV KWGT,88,4.9
Mummatikabalkuragi,69,4.9
Canvas FL,36,4.9
White Noise for Baby,717,4.9
K-Otic Universe,55,4.9
Sago Mini Hat Maker,11,4.9
Ek Onkar,107,4.9
√âgalit√© et R√©conciliation,58,4.9
Tickets SDA 2018 and Exam from the State Traffic Safety Inspectorate with Drom.ru,10479,4.9
DMV Permit Practice Test 2018 Edition,6090,4.9
M+,198,4.9
Br Shafi,1288,4.9
Fr Ignacio Outreach,52,4.9
Business Mitra (BM),13,4.9
Las Vegas Lights FC,10,4.9
FG On-The-Go,55,4.9
PixPanda - Color by Number Pixel Art Coloring Book,55723,4.9
Legit Check App by Ch Daniel,66,4.9
Lose Belly Fat in 30 Days - Flat Stomach,38098,4.9
DQSalmaan - A fan made App,707,4.9
Wallpaper.cz,7,4.9
BL Taxi,124,4.9
"Learn Japanese, Korean, Chinese Offline & Free",133136,4.9
Br Browser,29,4.9
Be My Eyes - Helping the blind,8418,4.9
KPS CHAUHAN DY/DX,37,4.9
FK ≈Ωeljezniƒçar Izzy,119,4.9
Tuberculose Dz,26,4.9
Sisense Mobile BI,23,4.9
Burnley FC,195,4.9
Six Pack in 30 Days - Abs Workout,272254.5,4.9
DC Comics Amino,117,4.9
BT Church,26,4.9
News: DW Hausa,9,4.9
Diabetes mellitus (DM) from zero to hero,18,4.9
BD Internet Package Activator,13,4.9
Aaj Bangla: ei samay er khobor,34,4.9
Hungry Hearts Diner: A Tale of Star-Crossed Souls,46253,4.9
JW Library,922752,4.9
FK ≈Ωeljezniƒçar,1420,4.9
DS,15,4.9
"ipsy: Makeup, Beauty, and Tips",49790,4.9
FC Porto,15883,4.9
Solitaire: Decked Out Ad Free,37302,4.9
BG Future School,16,4.9
DF-Server Mobile,17,4.9
EXO-L Amino for EXO Fans,5677,4.9
EC Tax,8,4.9
AK Lodi Films,23,4.9
Sai Baba - Sabka Malik Ek,42,4.9
Down Dog: Great Yoga Anywhere,28945,4.9
Tour BD (Bahir Dar Map),49,4.9
FH App,27,4.9
Tickets + PDA 2018 Exam,197136,4.9
BM Pharmacy,42,4.9
Sufara.ba,285,4.9
Aquarium Co-Op Podcast,206,4.9
FD VR Music Videos - MTV Pop and Rap in 360,15,4.9
Pediatric Nursing,14,4.9
CDL Practice Test 2018 Edition,7774,4.9
MHD F-Series,73,4.9
BatControl Pro,83,4.9
BTS V Kim Taehyung Wallpapers Kpop HD New,51,4.8
The 5th Stand,1680.5,4.8
VitusVet: Pet Health Care App,3052,4.8
DG Fitness,6,4.8
C Prowess,306,4.8
Revita.bg,10,4.8
Cp Calculator for Evolution:GO,124,4.8
BD Fishpedia,123,4.8
Live Chat - Free Video Chat Rooms,20,4.8
Nature Sounds,28588,4.8
Should I Answer?,237468,4.8
SoloLearn: Learn to Code for Free,256079,4.8
Eternium,1506783,4.8
Puppy Shooting an AK-47: Platformer Zombie Game,21,4.8
FREE VIDEO CHAT - LIVE VIDEO AND TEXT CHAT,84,4.8
R File Manager,17,4.8
Anime et Manga Amino en Fran√ßais,3782,4.8
"Town of Princeton, BC",4,4.8
FiSwitch,615,4.8
7 minute abs workout - Daily Ab Workout,527,4.8
PewDiePie's Tuber Simulator,1499466,4.8
TravelPirates,43054,4.8
The House of Da Vinci,12400,4.8
ZArchiver Donate,1721,4.8
Q Avatar Pro,4,4.8
Shopping List S PRO,14,4.8
ClanPlay: Community and Tools for Gamers,34443,4.8
Al Quran Indonesia,445756,4.8
FreePrints ‚Äì Free Photos Delivered,109500,4.8
dt Pro,4,4.8
CS Interview Questions (TechQ),33,4.8
Dark Infusion Substratum Theme for Android N & O,133,4.8
Pino chess,61,4.8
IRS W-9 form,492,4.8
Pregnancy Week By Week,78825,4.8
Lose Weight in 30 Days,220125,4.8
Learn alif ba ta,23,4.8
Hactar Go,97,4.8
K keyboard - Myanmar,1955,4.8
Arab Halls - For Wedding & Events,28,4.8
AJ Gray Icon Pack,5,4.8
FE Connect,24,4.8
EB-Link,6,4.8
The first year of a baby's life,7505,4.8
Flud (Ad free),5639,4.8
Sportractive GPS Running Cycling Distance Tracker,48276,4.8
Faceoff DP Battle App,38,4.8
English Grammar Test,4075,4.8
WebComics,33783,4.8
Koran Read &MP3 30 Juz Offline,29551,4.8
Find a Way: Addictive Puzzle,39480,4.8
"Even - organize your money, get paid early",12304,4.8
Undertale AU Amino,5369,4.8
Calculator with Percent (Free),48211,4.8
Tickets SDA 2019 + Exam RF,7021,4.8
German Listening,18298,4.8
QR Code Pro,5865,4.8
Abs Workout - Burn Belly Fat with No Equipment,69279,4.8
PDD-UA,736,4.8
DS-Students,5,4.8
Calcy IV,36557,4.8
AY Sing,111,4.8
C Functions,55,4.8
CA Speakers Free,74,4.8
BG Metro - Red voznje,89,4.8
Stop Smoking - EasyQuit free,39068,4.8
FD Calculator | Term Deposit | Fixed Deposit,12,4.8
CW Beacon for Ham Radio,10,4.8
The T Factor,48,4.8
Fantasy theme dark bw black building,41,4.8
Wordscapes,230753.25,4.8
go41cx,171,4.8
"Abs, Core & Back Workout Challenge",3908,4.8
Baba Yaad Hai?(BK's),160,4.8
CI Capital - Dynamic,4,4.8
Morse Machine for Ham Radio,341,4.8
Equestria Amino for MLP,8369,4.8
TN Patta /Chitta /EC New,5,4.8
Fr Lupupa Sermons,19,4.8
Pixel Oreo/P Dark White AMOLED UI - Icon Pack,18,4.8
Fernanfloo,526595,4.8
Radiological Anatomy For FRCR1,12,4.8
Period Tracker Clue: Period and Ovulation Tracker,570242,4.8
Aegis BT,16,4.8
Period Tracker - Period Calendar Ovulation Tracker,4559407,4.8
C BOOK-C PROGRAMS,138,4.8
Dr. B.R.Ambedkar,1902,4.8
BZ Reminder PRO,726,4.8
dk,5,4.8
DV 2018 Winners Guide,11,4.8
"ABS Workout - Belly workout, 30 days AB",5103,4.8
BT Find Address for Bluetooth,8,4.8
Pregnancy Calculator and Tracker app,69126,4.8
Rainbow - Journal & Activities,6668,4.8
Be Stronger,787,4.8
Pocket AC,130,4.8
AJ Styles HD Wallpapers,48,4.8
OnePlus Icon Pack,440,4.8
Free Books - Spirit Fanfiction and Stories,116507,4.8
ÿ£ÿ≠ÿØÿßÿ´ Ÿàÿ≠ŸÇÿßÿ¶ŸÇ | ÿÆÿ®ÿ± ÿπÿßÿ¨ŸÑ ŸÅŸä ÿßÿÆÿ®ÿßÿ± ÿßŸÑÿπÿßŸÑŸÖ,311,4.8
Job Search by ZipRecruiter,148945,4.8
SarashpazPapion (Cooking with Chef Bowls),1250,4.8
My AEK - Official ŒëŒïŒö FC app,3346,4.8
AJ Player,18,4.8
BGKontakti Vienna BG Kontakti,111,4.8
GPS Speedometer and Odometer,15865,4.8
Dan the Man: Action Platformer,528550,4.8
SofaScore Live Score,221722,4.8
BK Murli Offline April 2017,33,4.8
Materialistic P Wallpapers,24,4.8
BD Briight: Your Diabetes Personal Assistant,17,4.8
Kristian Hla Bu,238,4.8
CompTIA Exam Training,3053,4.8
"No. Color - Color by Number, Number Coloring",269194,4.8
INTERACTIVE CALCULUS FOR MATHS AND PHYSICS,53,4.8
cm to inches | centimeters to inches conversion,52,4.8
BD Attendance,93,4.8
Unicorn Pokez - Color By Number,516,4.8
Az Video Status,13,4.8
2 Amateur ham radio CW Morse code practice keys TX,6,4.8
Elif Ba - Learn The Holy Quran,1491,4.8
Du Chinese ‚Äì Mandarin Lessons,3390,4.8
Citizens Bank - CB Mobile,6,4.8
Pedometer - Step Counter Free & Calorie Burner,31139,4.8
"Fines of the State Traffic Safety Inspectorate are official: inspection, payment of fines",116986,4.8
Ninja FN Button,12,4.8
DB for Hustle Castle,21,4.8
Anna.K Tarot,17,4.8
"Viva Decora - Decoration, Photos, Architecture, House",3167,4.8
File Manager by Xiaomi: release file storage space,337532,4.8
BG+Phone Backup,16,4.8
X Launcher Pro - IOS Style Theme & Control Center,1216,4.8
Weather Live Pro,17493,4.8
Abs workout - 21 Day Fitness Challenge,18604,4.8
GoodRx Drug Prices and Coupons,59158,4.8
Day R Premium,51068,4.8
Classical music for baby,1940,4.8
BTS V LINE Launcher theme,3283,4.8
Harley Quinn wallpapers HD,192,4.8
R–æhi.af,46,4.8
Ek Maratha,725,4.8
Home Workout - No Equipment,430158,4.8
DU CS Lectures - Learn to Code for Free,16,4.8
"Yoriza Pension - travel, lodging, pension, camping, caravan, pool villas accommodation discount",17882,4.8
Online Girls Chat,5323,4.8
Cardi B Wallpaper,253,4.8
sustainability@BU,10,4.8
Human Dx,6,4.8
CT-ART 4.0 (Chess Tactics 1200-2400 ELO),8191,4.8
Journal Club: Medicine,216,4.8
Aw Restaurant,4,4.8
Relax Melodies P: Sleep Sounds,19543,4.8
Sleep Sounds,51227,4.8
Alarmy (Sleep If U Can) - Pro,10249,4.8
Fuzzy Seasons: Animal Forest,12137,4.8
Video Downloader - for Instagram Repost App,332623,4.8
Kernel Manager for Franco Kernel ‚ú®,12700,4.8
30 Day Fitness Challenge - Workout at Home,471036,4.8
BH Challenge - Museum of the Jewish People,12,4.8
Ovia Fertility Tracker & Ovulation Calculator,53745,4.8
Live Weather Pro,892,4.8
Home Workout for Men - Bodybuilding,12705,4.8
Chess of Blades (BL/Yaoi Game) (No VA),4,4.8
Space Z üåè üöÄIcon Pack Theme,201,4.8
Amino: Communities and Chats,1261579.5,4.8
Video Player All Format,258640,4.8
NFP 2018,8,4.8
Tiny Scanner Pro: PDF Doc Scan,10295,4.8
Firefighters First CU,495,4.8
"K-Spapp, the K-Space app",39,4.8
Live Tennis Rankings / LTR,1660,4.8
Chemin (fr),44,4.8
TeamWard ‚Äì live help for LoL,3136,4.8
World Racers family board game,4,4.8
Puzzles Volvo FH 16 Trucks,10,4.8
The Daily BJ,38,4.8
Emmabodafestivalen,12,4.8
Mobilight-BM,6,4.8
"DU Recorder ‚Äì Screen Recorder, Video Editor, Live",2588730,4.8
BW-Go,265,4.8
30 Day AB Challenge - Lumowell,793,4.8
Best Browser BD social networking,6,4.8
Sermon on Proverbs CH Spurgeon,35,4.8
Quran for All (Al-Huda Int.),6696,4.8
BH Patrole,27,4.8
Magana Jari ce Littafi Na Uku : Part 3 of 3,65,4.8
The Pursuit of God,6,4.8
Vlogger Go Viral - Tuber Game,1304467,4.8
BK murli today (Mobile Murli) - Gyan,100,4.8
"Barca News - FC Barcelona, World Foot & Transfers",160,4.8
ReadEra ‚Äì free ebook reader,47303,4.8
"Cash, Inc. Money Clicker Game & Business Adventure",549720,4.8
Pixyfy: coloring by number coloring book,22290,4.8
Bar-B-Q Recipes,18,4.8
Weather forecast,159455,4.8
FG VOC,6,4.8
Neon Glow C - Icon Pack,557,4.8
Drag'n'Boom,133180,4.8
How do I take care of my child?,190,4.8
Girls Live Chat - Free Text & Video Chat,110,4.8
BG Products,4,4.8
DK Murali,65,4.8
Pixxy KWGT,60,4.8
Catalyst AZ,12,4.8
Prom MakeUp Tutorial,104,4.8
Prana Breath: Calm & Meditate,31665,4.8
K.MOJI,16,4.8
AP World History: Practice Tests and Flashcards,21,4.8
Live Girls Talk - Free Video Chat,125,4.8
KPOP Amino for K-Pop Entertainment,19047,4.8
Ovia Pregnancy Tracker & Baby Countdown Calendar,102858,4.8
Gainesville Florida Police Department,4,4.8
Hospitalist Handbook,12,4.8
Park Limousine: Realistic Limo Parking Simulator,4,4.8
Bitcoin & Cryptocurrency - Bx,11,4.8
FK Crvena Zvezda Izzy,1456,4.8
EF Coach,17,4.8
POLARIS 2MFG,1228,4.8
El Falƒ±,36968,4.8
Cy-Reader,17,4.8
Al Quran (Tafsir & by Word),57400,4.8
Bo's School Day,10,4.7
Faustop Sounds,1677,4.7
Fu*** Weather (Funny Weather),20001,4.7
Dr. Seuss's ABC,429,4.7
Piano Tiles 2‚Ñ¢,8118880,4.7
BK Shivani Videos,29,4.7
Ayat - Al Quran,173394,4.7
CB Trader,11,4.7
CG Freelancer,10,4.7
HCP Anywhere,114,4.7
Surah Al-Waqiah,1201,4.7
"Moony Lab - Print Photos, Books & Magnets ‚Ñ¢",1320,4.7
"Topbuzz: Breaking News, Videos & Funny GIFs",174968.5,4.7
Advanced calculator fx 991 es plus & 991 ms plus,7252,4.7
"Selfie Camera: Beauty Camera, Photo Editor,Collage",31985,4.7
Cx File Explorer,175,4.7
Keep Trainer - Workout Trainer & Fitness Coach,14810,4.7
BeyondMenu Food Delivery,51530,4.7
Meritrust CU Mobile Banking,3661,4.7
Goku Wallpaper Art,6342,4.7
Five Nights at Freddy's 3,27856,4.7
Dr B R Ambedkar (Jai Bhim),2068,4.7
boattheory.ch Full 2018,54,4.7
Bible,2440695,4.7
"Video Editor Music,Cut,No Crop",2163282,4.7
EY India CFO Insights,37,4.7
Bible with EGW Comments,3776,4.7
My Budget Book,19784,4.7
Online Chat Girls Meet,18,4.7
Ninja Dash - Ronin Jump RPG,8508,4.7
Johns Hopkins Guides ABX...,73,4.7
Instant DP Downloader for Instagram,38,4.7
Toy Blast,1889416,4.7
Super Doctor 2 - My Newborn Baby ER Injection,54,4.7
Pastry & Cooking (Without Net),6118,4.7
CATS: Crash Arena Turbo Stars,1559650,4.7
Cytus II,16851,4.7
AF Link,210,4.7
Couch to 5K by RunDouble,15674,4.7
We Bare Bears Match3 Repairs,39153,4.7
Zombie Catchers,990402.83,4.7
Kaspersky Mobile Antivirus: AppLock & Web Security,2598579,4.7
Lanterns: The Harvest Festival,185,4.7
Wipe out,30,4.7
Live Chat - Free Video Talk,14,4.7
PriorityONE Credit Union of Fl,178,4.7
VAT Checker for EU company,78,4.7
Duolingo: Learn Languages Free,6292547.43,4.7
Solar CT PV System Power,315,4.7
Step Counter - Pedometer Free & Calorie Counter,117925,4.7
Toon Blast,1351309.33,4.7
Learn Bulgarian Free,3049,4.7
Ruler,126,4.7
Al-Quran Ahmad Saud Offline,7116,4.7
Everlance: Free Mileage Log,7514,4.7
EF Calculator,19,4.7
Bubble Witch 3 Saga,1732263,4.7
Advanced Download Manager Pro,6505,4.7
CA CS Network,160,4.7
BL!TZ - Endless,21,4.7
infirmiers,125,4.7
Cytus,541732,4.7
Cards Casino:Video Poker & BJ,325,4.7
weather - weather forecast,11118,4.7
DP and Status Images | All Latest Status 2018,25,4.7
"Grow Stone Online : 2d pixel RPG, MMORPG game",84389,4.7
Day Night Live Wallpaper (All),4856,4.7
UniFi,11018,4.7
BELONG Beating Cancer Together,623,4.7
Daily DM,51,4.7
I Can't Wake Up!,963,4.7
Fantastic Chefs: Match 'n Cook,8600,4.7
Them Bombs: co-op board game play with 2-4 friends,8038,4.7
Retro City Rampage DX,416,4.7
Narcos: Cartel Wars,244797,4.7
Hesab.af - Send money in Afghanistan,51,4.7
Mozart Baby Sleep,107,4.7
Baby Connect (activity log),8343,4.7
"ap,wifi testing,iperf,ping,android,Bluetooth,tcp",3,4.7
Evie Launcher,139258,4.7
BQ-·àò·åΩ·àê·çç ·âÖ·ã±·à≥·ãä ·å•·ã´·âÑ·ãé·âΩ,191,4.7
Blackpink as if it's your last,831,4.7
Solitaire!,403911,4.7
The EO Bar,416,4.7
All C Programs,2387,4.7
Learn Java,52743,4.7
Ultimate Ab & Core Workouts,55571,4.7
StyleSeat,20304,4.7
"Wallpapers HD, 4K Backgrounds",273994,4.7
IRIS : Customer Service - DZ Algeria,57,4.7
Sound Meter,88993,4.7
Learn Italian with MosaLingua,1719,4.7
The Guardian,247992,4.7
Hafizi Quran 15 lines per page,55011,4.7
Five Nights at Flappy's,4041,4.7
News: RFI Hausa,10,4.7
English words application mikan,9888,4.7
Gems or jewels ?,171448,4.7
Battery HD Pro,17861,4.7
Anime Love Story Games: ‚ú®Shadowtime‚ú®,198480,4.7
"Egg, Inc.",580160,4.7
Hustle Castle: Fantasy Kingdom,584126,4.7
HD Mickey Minnie Wallpapers,118,4.7
OnePlus Icon Pack - Square,229,4.7
Deportivo Toluca FC,2317,4.7
Arizona Trail,65,4.7
Al Quran Audio (Full 30 Juz),7878,4.7
Simple Recipes,3803,4.7
"Muslim Pro - Prayer Times, Azan, Quran & Qibla",1133393,4.7
Listen to the story~The Story of the Fairy Tales,69,4.7
Beard Live Camera Photo Editor,900,4.7
CALCU‚Ñ¢ Stylish Calculator Free,152692,4.7
Sworkit Kids - Fitness Meets Fun,9856,4.7
Safe Ag Systems‚Ñ¢,3,4.7
Fancy Pants Adventures,55952,4.7
SDA Sabbath School Quarterly,14773,4.7
iSwipe Phone X,58366,4.7
Where's My Water?,188740,4.7
Solitaire,204261,4.7
Clean My Android,101163,4.7
Calvin Klein ‚Äì US Store,221,4.7
Associated Credit Union Mobile,3290,4.7
Neon-R (Red),25,4.7
ES Anywhere,10,4.7
Holl & Co Barbers,12,4.7
FD Community FCU Mobile,175,4.7
Digital Falak,3408,4.7
Neuvaine au Saint-Esprit,57,4.7
C4droid - C/C++ compiler & IDE,2890,4.7
Z Champions,96028,4.7
Basket Manager 2017 Pro,163,4.7
DW ŸÅÿßÿ±ÿ≥€å By dw-arab.com,11,4.7
Dz Dinars Numbers to letters,2807,4.7
CY Digital Net,3,4.7
Ez Screen Recorder (no ad),8696,4.7
Q Mobile Banking,460,4.7
BlackJack -21 Casino Card Game,2066,4.7
NEW Theme for Phone X,8642,4.7
Weather Forecast Pro,14051,4.7
R√∂hrich Werner Soundboard,2249,4.7
Mobile Security & Antivirus,564759,4.7
Cy-Fair FCU Mobile Banking,439,4.7
Favorite children's songs,39,4.7
Battery Notifier Pro BT,1363,4.7
Honkai Impact 3rd,59017,4.7
"Charlotte County, FL",10,4.7
Sygic Car Navigation,162049,4.7
ZenUI Launcher,1141545,4.7
Goody.ba,303,4.7
OmniMedix Medical Calculator,25,4.7
Get Free V-bucks_fortnite Hints,1997,4.7
Krazy Coupon Lady,10318,4.7
Service CU Mobile Banking,6208,4.7
500 AP World History Questions,7,4.7
Community by C Space,707,4.7
BZ Reminder,41625,4.7
/u/app,573,4.7
Daily Horoscope,407589,4.7
ek tuhi,316,4.7
Family Album Mitene: Private Photo & Video Sharing,34336,4.7
EP Research Service,14,4.7
Clean Master- Space Cleaner & Antivirus,42916526,4.7
Tsuro - The Game of the Path,2195,4.7
Learn Music Notes,143,4.7
ATI Cargoes and Transportation,4162,4.7
Permit Test FL Florida DHSMV,246,4.7
Draw Color by Number - Sandbox Pixel Art,34279,4.7
BT Share It,12,4.7
The birth,1084945,4.7
theCut,499,4.7
TelaDoc,6,4.7
12 Step Meditations & Sober Prayers AA NA AL-ANON,759,4.7
"Best Wallpapers Backgrounds(100,000+ 4K HD)",3596,4.7
TurboScan: scan documents and receipts in PDF,11442,4.7
Theme For Techno Camon CX,42,4.7
Nasihat - Chalo ae Pyaara,557,4.7
AO Surgery Reference,2570,4.7
Offline: English to Tagalog Dictionary,967,4.7
BK Traffic Control cum Chart,549,4.7
PIP Camera - PIP Collage Maker,158,4.7
Learn English with Wlingua,314299.5,4.7
Crypto Tracker by BitScreener,396,4.7
Driver Permit Test Prep DC DMV Driver's License Ed,78,4.7
Voxel - 3D Color by Number & Pixel Coloring Book,62561,4.7
Ulta Beauty,42050,4.7
Tastely,611136,4.7
BG LINKED (BGLINKED),22,4.7
GANMA! - All original stories free of charge for all original comics,57106,4.7
Darkness Rises,456474,4.7
CT Scan Generations,6,4.7
B R Telco FCU Mobile Banking,413,4.7
English with Lingualeo,254519,4.7
FB Photographie,37,4.7
Word Search,295374,4.7
Navi Radiography Pro,11,4.7
Free english course,142632,4.7
Axe Wallpaper,9,4.7
Woody Puzzle,21262,4.7
CJ Camcorder,3,4.7
Hush - Beauty for Everyone,18900,4.7
Bowmasters,1535571,4.7
Pixel Art: Color by Number Game,1125340.33,4.7
DreamTrips,9971,4.7
"Canva: Poster, banner, card maker & graphic design",174531,4.7
CL-App,6,4.7
Korean Dungeon: K-Word 1000,703,4.7
Attack the Light,19209,4.7
Movie Downloader Torrent : Az Torrent,70,4.7
Where is my Train : Indian Railway & PNR Status,620534,4.7
BusyBox Pro,8114,4.7
"Join R, Community Engagement",144,4.7
Easy Recipes,2707,4.7
"Ultimate Public Campgrounds (Over 37,100 in US&CA)",213,4.7
FotMob - Live Soccer Scores,410389.5,4.7
BJ Toys,55,4.7
EGW Writings,24278,4.7
Audio Murli Glossary For BK,39,4.7
Credit Karma,706407,4.7
DRAGON QUEST IV,1647,4.7
Ada - Your Health Guide,87418,4.7
Angry Birds Match,227401,4.7
ASOS,181810.5,4.7
The Zueira's Voice,136540,4.7
Onefootball - Soccer Scores,911995,4.7
ES Disk Analyzer - Storage Space,5867,4.7
Flashlight,115409,4.7
„ÅÇ„Å™„Ç´„É¨„ÄêBL„ÄëÁÑ°Êñô„Ç≤„Éº„É†,6073,4.7
EIÂõΩÈôÖ,15,4.7
Profile pictures for WhatsApp,10786,4.7
that's lit,1115,4.7
eBoox: book reader fb2 epub zip,21336,4.7
"All-In-One Toolbox: Cleaner, Booster, App Manager",536926,4.7
C Offline Tutorial,88,4.7
CI Screwed - Icon Pack,19,4.7
IHSS Help,10,4.7
Australia Newspapers - AU News Apps,48,4.7
SA HLA BU,119,4.7
AP Chemistry Prep: Practice Tests and Flashcards,55,4.7
Guess the Class üî• AQW,57,4.7
Tiny Scanner - PDF Scanner App,286897,4.7
Cartoon Network Match Land,21979,4.7
Pink Guy - Ey B0ss,13,4.7
B & W Filter for Photo Editor Pro,65,4.7
Free Live Talk-Video Call,158,4.7
Domino's Pizza USA,1032935,4.7
Poke Genie - Safe IV Calculator,92958,4.7
DU Collage Maker - Photo Collage & Grid & Layout,4595,4.7
Swift Dark CM / CM13 Theme,1500,4.7
Recipes Pastries and homemade pies More than 500 recipes for pastries,14065,4.7
V BTS Wallpaper,127,4.7
Ey Sey Storytime ·ûö·ûø·ûÑ·ûì·û∑·ûë·û∂·ûì·ûè·û∂·û•·ûü·û∏,1327,4.7
Quran for Android,497826,4.7
"X Launcher Pro: PhoneX Theme, OS11 Control Center",801,4.7
Methods of teeth whitening,257,4.7
"Fame Boom for Real Followers, Likes",896118,4.7
BD Hospital's,12,4.7
UNICORN - Color By Number & Pixel Art Coloring,8204.5,4.7
EGW Writings 2,6547,4.7
AP European History: Practice Tests and Flashcards,7,4.7
Superheroes Wallpapers | 4K Backgrounds,7699,4.7
Learn HTML,61749,4.7
BW-Joseki,705,4.7
EY India Tax Insights,87,4.7
Harris J Lyrics,36,4.7
CL-Phlebotomist,19,4.7
Daniel Tiger for Parents,247,4.7
Browsery by Barnes & Noble,146,4.7
"CoinMarketApp - CryptoCurrency Portfolio, News,ICO",20535,4.7
"Sweet Camera - Selfie Filters, Beauty Camera",233039,4.7
"Face Filter, Selfie Editor - Sweet Camera",142696,4.7
Bingo by IGG: Top Bingo+Slots!,183343,4.7
Ae Allah na Dai (Rasa),263,4.7
Doctor On Demand,18674,4.7
"FJ Final Join , Circles Game",32,4.7
Fuel Calculator for EY,32,4.7
Fr Daoud Lamei,2036,4.7
Anime X Wallpaper,32613,4.7
Ab Workouts - Ab Generator,21,4.7
Walk Freely (Ec Shlire),62,4.7
Sandbox Art-Sandbox Color by Number Coloring Pages,12784,4.7
Backgrounds (HD Wallpapers),202474,4.7
CritDice - Dice Roller,2910,4.7
Alpha Bank CY,39,4.7
FlashLight HD LED Pro,4928,4.7
"FUN Keyboard ‚Äì Emoji Keyboard, Sticker,Theme & GIF",12089,4.7
Ovia Parenting & Baby Development Tracker,6185,4.7
ClanManagerTT2,55,4.7
"GO SecurityÔºçAntiVirus, AppLock, Booster",1251479,4.7
Brightest Flashlight Free ¬Æ,1335799,4.7
BX Mobile TMC for SAP B1,3,4.7
·Äû·Ä≠·ÄÑ·Ä∫·Äπ Astrology - Min Thein Kha BayDin,2225,4.7
Al-Muhaffiz,2319,4.7
Toca Life: Hospital,3528,4.7
Zoho Reports - Mobile BI,45,4.7
Dog Run - Pet Dog Simulator,48643.67,4.7
Delicious Recipes,129737,4.7
BayPort CU Mobile Banking,2374,4.7
BC's Pizza,113,4.7
Bazar.af,13,4.7
Profile Tracker - Who Viewed My Facebook Profile,37090,4.7
Discovery Church Florida,40,4.7
Mercado Libre: Find your favorite brands,3860225,4.7
Abs Training-Burn belly fat,2071,4.7
"Learn languages, grammar & vocabulary with Memrise",1107909.5,4.7
Castle Clash: RPG War and Strategy FR,376223,4.7
Open Heart Surgery Hospital ER: Crazy Doctor Sim,7,4.7
Al'Quran Bahasa Indonesia PRO,1340,4.7
Melior NUI - Material CM Theme,1873,4.7
Simple Habit Meditation,11689,4.7
CCP DZ : Fill out a check | Number in letters DZD,642,4.7
Soul Knight,292164,4.7
Central Bank and Trust Co.,65,4.7
ai robot keyboard,1891,4.7
Loop - Habit Tracker,17955,4.7
CVRIA,68,4.7
Children Educational Game Full,30,4.7
Baritastic - Bariatric Tracker,4318,4.7
Call Recorder,48,4.7
Alabama Gameday Live,19,4.7
Sandbox - Color by Number Coloring Pages,412744,4.7
GATE Syllabus for EC 2018 & Notifications,23,4.7
Learn Basic C - For Beginners,27,4.7
"WalletHub - Free Credit Score, Report & Monitoring",1311,4.7
BF CG Abstract Pictures,6,4.7
Event Manager - AllEvents.in,120,4.7
Casa CF,12,4.7
"Shopular: Coupons, Weekly Ads & Shopping Deals",57920,4.7
I Creative Idea,353,4.7
Booking.com Travel Deals,1830387.67,4.7
Color by Number ‚Äì New Coloring Book,141918.5,4.7
Lionel Messi Wallpapers,950,4.7
To Do List,253155,4.7
Al Quran MP3 - Quran Reading¬Æ,47463,4.7
"Video Editor,Crop Video,Movie Video,Music,Effects",53006,4.7
Deck Heroes: Legacy,466495,4.7
Inf VPN - Global Proxy & Unlimited Free WIFI VPN,61445,4.7
Trucker Path ‚Äì Truck Stops & Weigh Stations,38375,4.7
Florida State Gameday,1566,4.7
Anime Expo 2018,54,4.7
Tie - Always be happy,964,4.7
BTS J-Hope Wallpaper KPOP Fans HD,98,4.7
Jamaa Amino for Animal Jam,3873,4.7
"Color Call - Caller Screen, LED Flash",29485,4.7
Toilet Ek Prem Katha Songs Lyrics in Hindi,3,4.7
GollerCepte 1903,25172,4.7
Louis CK,244,4.7
Nike,67071,4.7
The Holy Rosary,56197,4.7
Elifba Quran Learning Game,1424,4.7
Dragon Ball Wallpaper - Ringtones,73,4.7
"Memory Helper - To do list, Notepad, Notes, Memo",7566,4.7
SCI-FI UI,15,4.7
LIVE VIDEO TALK,478,4.7
"U Launcher Lite ‚Äì FREE Live Cool Themes, Hide Apps",87510,4.7
Learn SQL,19277,4.7
Chat Kids - Chat Room For Kids,6,4.7
X Launcher: With OS11 Style Theme & Control Center,5754,4.7
Monica Toy TV,6188,4.7
Nubank,130582,4.7
EZ-GUI Ground Station,3696,4.7
Learn Spanish - Espa√±ol,32346,4.7
"Cystic Fibrosis Symptoms, Doctors & Treatments",6,4.7
Colorfit - Drawing & Coloring,20260,4.7
Ultimate Clash Royale Tracker,92010,4.7
Natural recipes for your beauty,1150,4.7
BD Bank Interest,289,4.7
Girls Nancy Ajram Without Net,2639,4.7
TorrDroid - Torrent Downloader,59632,4.7
NOOK App for NOOK Devices,19085,4.7
Girls Online Talk - Free Text and Video Chat,791,4.7
Calculator - unit converter,287250,4.7
PlugShare,4501,4.7
Latest DP and Status Pro 2018,19,4.7
Pregnancy Tracker & Countdown to Baby Due Date,658087,4.7
DWWW 774 Ultimate AM Radio,327,4.7
CK Multimedia - Gaming Accessories,10,4.7
English Communication - Learn English for Chinese (Learn English for Chinese),2544,4.7
ET Telecom from Economic Times,273,4.7
Idle Heroes,416868.5,4.7
PLANK!,7196,4.7
Learn Top 300 English Words,61600,4.7
Cooking Madness - A Chef's Restaurant Games,358817,4.7
Color By Number - Sandbox Pixel Coloring Book,24557,4.7
Bingo Party - Free Bingo Games,155694,4.7
Once Upon a Tower,37139,4.7
BZ Conferencing,7,4.7
An Elite Warrior Ex,15,4.7
"Security Master - Antivirus, VPN, AppLock, Booster",24900999,4.7
"EMI, FD, RD - Bank Calculator",42,4.7
X Launcher Prime: With OS Style Theme & No Ads,149,4.7
Offline Maps & Navigation,193002.5,4.7
Best Applock - Locker & No Ads,10672,4.7
DIY On A Budget,114,4.7
"Quik ‚Äì Free Video Editor for photos, clips, music",696665,4.7
Candy Pop Story,12948,4.7
Bx Thailand Alert (Bitcoin),3,4.7
Ex√©rcito Brasileiro,1730,4.7
Photo Designer - Write your name with shapes,3632,4.7
Automagic * Automation,1947,4.7
All States Ag Parts,68,4.7
Al Quran Free - ÿßŸÑŸÇÿ±ÿ¢ŸÜ (Islam),1777,4.7
Quadratic Equation Solver with Steps and Graphs,513,4.7
Running Distance Tracker +,77777,4.7
Calorie Counter - EasyFit free,50294,4.7
Blood Pressure Log - MyDiary,8347.5,4.7
Kids Paint Free - Drawing Fun,121,4.7
My Calendar - Period Tracker,156410,4.7
Rock N' Cash Casino Slots -Free Vegas Slot Games,6187,4.7
Riptide GP: Renegade,4328,4.7
"Length Converter: convert mm,cm,m, feet,yard,mile",76,4.7
ALL-IN-ONE PACKAGE TRACKING,167406,4.7
"Speed Booster - Ram, Battery & Game Speed Booster",85079,4.7
V Bucks ProTips New,594,4.7
AC Troubleshooter,147,4.7
Fuzzy Numbers: Pre-K Number Foundation,21,4.7
1800 Contacts - Lens Store,23160,4.7
"LALALAB prints your photos, photobooks and magnets",50424,4.7
"Emoji Keyboard - Cute Emoji,GIF, Sticker, Emoticon",114851,4.7
Cover Fire: offline shooting games for free,725897,4.7
BU Students' Rep. Council,38,4.7
ES File Explorer/Manager PRO,81614,4.7
White Sound Pro,16570,4.7